{
    "llama2:7b-chat-q8_0": {
        "calamaro": [
            0.3806786855061849,
            0.2116079092025757,
            0.21492798725763956
        ],
        "bruni": [
            0.1699873407681783,
            0.17111084858576456,
            0.16965711116790771
        ],
        "gpt-fantasy": [
            0.17278568347295126,
            0.17101295391718546,
            0.1723732391993205
        ],
        "gpt-ww2": [
            0.21073650121688842,
            0.21374859809875488,
            0.2146840294202169
        ],
        "celacanto": [
            0.21829452912012737,
            0.2212188760439555,
            0.220470134417216
        ],
        "starW": [
            0.22853932778040567,
            0.22752714157104492,
            0.23233110904693605
        ],
        "buisnessWoman": [
            0.2375103195508321,
            0.2507529656092326,
            0.24642664194107056
        ],
        "naturalPlace": [
            0.21561259428660076,
            0.21095664103825887,
            0.21384443442026774,
            0.2245965043703715,
            0.22457446257273356,
            0.22792305946350097,
            0.2199378252029419,
            0.22459624608357748,
            0.22575619618097942
        ],
        "animalFarm": [
            0.2217368960380554,
            0.22214537461598713,
            0.22074904839197795
        ],
        "nintendo": [
            0.24137288729349773,
            0.24202057123184204,
            0.2440299908320109
        ],
        "expensiveCities": [
            0.21588679949442546,
            0.21434679826100667,
            0.2136330048243205
        ],
        "ArcticSea": [
            0.23897960186004638,
            0.2409365653991699,
            0.24134889443715413
        ],
        "AdaByron": [
            0.22021187941233317,
            0.2203640619913737,
            0.21891653140385944
        ],
        "latin": [
            0.23437383969624836,
            0.2353640913963318,
            0.2358243981997172
        ],
        "journeyPiuBreve": [
            0.1983453353246053,
            0.19746378262837727,
            0.19516436656316122
        ],
        "Napoleon: Early career": [
            0.23464113473892212,
            0.2362662633260091,
            0.2383134365081787
        ],
        "Colombo: Geographical considerations": [
            0.21571727593739828,
            0.21841039260228476,
            0.21599067052205403
        ],
        "Elizabeth II Death": [
            0.21766437292099,
            0.21929179430007933,
            0.21829547882080078
        ],
        "NASA: Astrophysics missions": [
            0.23862675031026204,
            0.24090497493743895,
            0.24007779359817505
        ],
        "Kilimanjaro: Geology and geography": [
            0.3075857083002726,
            0.3160083492596944,
            0.32588987747828163
        ],
        "Victor Frankestain narrative": [
            0.22738436063130696,
            0.2203227957089742,
            0.22591543594996136
        ],
        "Pink Floyd: Preceding the band": [
            0.23326883713404337,
            0.2354574720064799,
            0.2380709767341614
        ],
        "Spread of Modern English": [
            0.20590413411458333,
            0.20507766405741373,
            0.20259143511454264
        ],
        "COVID-19 deaths": [
            0.23782891829808553,
            0.2398959477742513,
            0.2416766881942749
        ],
        "Alan Turing: Early life and education (family)": [
            0.24162940581639608,
            0.24377716779708863,
            0.2464422861735026
        ],
        "Halloween Costumes": [
            0.2475084900856018,
            0.24628461996714274,
            0.24954477151234944
        ],
        "Dante: Education and poetry": [
            0.240906290213267,
            0.2433971365292867,
            0.24227908849716187
        ],
        "Mickey Mouse Debut (1928)": [
            0.22862263520558676,
            0.22922388315200806,
            0.23226365248362224
        ],
        "Rio de Janeiro Geography": [
            0.2447132110595703,
            0.24835767348607382,
            0.24842732747395832
        ],
        "Game of Thrones": [
            0.22287431160608928,
            0.22089197238286337,
            0.22070898612340292
        ],
        "Medici History – rise to power": [
            0.22862592935562134,
            0.22840294043223064,
            0.2272604505221049
        ],
        "Vesuvius": [
            0.2449057737986247,
            0.2461707631746928,
            0.24735166629155478
        ],
        "The fellowship of the ring": [
            0.28072569370269773,
            0.2833096663157145,
            0.2753686229387919
        ],
        "Mona Lisa (Description)": [
            0.24242684841156006,
            0.2444541056950887,
            0.23964231014251708
        ],
        "Sweeney Todd (plot)": [
            0.2337320645650228,
            0.23409069776535035,
            0.2348478317260742
        ],
        "Nintendo (2004–2009: Nintendo DS and Wii)": [
            0.24829464356104533,
            0.24974595308303832,
            0.2503437320391337
        ],
        "Area 51 History": [
            0.24780799945195517,
            0.24761829376220704,
            0.24655327399571736
        ],
        "World War (German offensive in Belgium and France)": [
            0.3408932010332743,
            0.35373655160268147,
            0.35610665877660114
        ],
        "Area 51 (Environmental lawsuit)": [
            0.303801441192627,
            0.3076204538345337,
            0.29766651391983034
        ],
        "The Beatles (Song catalogue)": [
            0.24073331356048583,
            0.23578064441680907,
            0.2357132116953532
        ],
        "Dracula": [
            0.23387678464253744,
            0.2359626809755961,
            0.23295565446217856
        ],
        "Internet (history)": [
            0.2426682949066162,
            0.24348464806874592,
            0.24421581427256267
        ],
        "Super Mario (1996–2005: Introduction of 3D and open-ended exploration)": [
            0.21818724870681763,
            0.21749500830968221,
            0.2170776923497518
        ],
        "Twitch History (Founding and initial growth (2007–2013))": [
            0.2394568125406901,
            0.24145315090815225,
            0.2438221534093221
        ],
        "Stradivarius Construction": [
            0.2328399896621704,
            0.23300930261611938,
            0.23172858953475953
        ],
        "W. Allen Early life and education": [
            0.24622403383255004,
            0.2477724512418111,
            0.2479945659637451
        ],
        "François-René  (Biography; America, France, London)": [
            0.24333417018254597,
            0.2432791789372762,
            0.24254833459854125
        ],
        "Gautier (Life and time)": [
            0.24760085741678875,
            0.2475231130917867,
            0.24690072933832805
        ],
        "Rambles in Germany and Italy, Travelling and writing (1840)": [
            0.24760334094365438,
            0.25012305974960325,
            0.25023163557052613
        ],
        "Le Corricolo (The trip to Italy)": [
            0.23258014917373657,
            0.22949029207229615,
            0.23047471443812054
        ],
        "Corinne (plot)": [
            0.24044461647669474,
            0.24207148551940919,
            0.24310996532440185
        ],