{
    "llama2:7b-chat-q8_0": {
        "Koala Social life": [
            1.448853079477946,
            1.6762956619262694,
            1.7830556750297546
        ],
        "2023 Plateau State massacres": [
            1.6094056328137716,
            1.7094553510348003,
            1.5842055638631185
        ],
        "Green Bay Packers (Franchise history)": [
            1.9995855967203775,
            2.0865315198898315,
            2.1416407505671184
        ],
        "Public Domain (history)": [
            1.5900206526120504,
            1.6036864439646403,
            1.4365794817606607,
            1.5075645923614502,
            1.422155753771464,
            1.5068151076634726,
            1.421806013584137,
            1.5069613893826803,
            1.5046313842137655
        ],
        "Urbanization History": [
            2.112491011619568,
            2.2273473103841144,
            2.313913043340047
        ],
        "E. S. Brusky Career": [
            2.281765043735504,
            2.29450577100118,
            2.2513425230979918
        ],
        "Pope Francis election": [
            1.804728086789449,
            1.5924742937088012,
            1.6239603916803995
        ],
        "1999 Düzce earthquake": [
            2.092371455828349,
            2.2504394253094993,
            2.4058603684107465
        ],
        "Moon landing": [
            2.3537920753161115,
            2.4100110133488974,
            2.287407914797465
        ],
        "Colonialism Modernity": [
            2.2304341117540996,
            2.053819934527079,
            2.156896169980367
        ],
        "Formula One Gran Prix": [
            1.9798839092254639,
            1.9944943110148112,
            1.9301135579744975
        ],
        "2023 Sundhnúkur eruption": [
            2.3584988474845887,
            2.753915750980377,
            2.651055399576823
        ],
        "A. Lincoln (early life)": [
            2.2106167515118917,
            2.2335376381874084,
            2.120712232589722
        ],
        "Gale of January 1976 (United Kingdom)": [
            2.322354344526927,
            2.439613103866577,
            2.5143494844436645,
            2.657731314500173,
            2.6424766540527345,
            2.6607298413912455,
            2.3156238714853923,
            2.2720484932263694,
            2.3296997427940367
        ],
        "2023 Prague shooting (events)": [
            1.7449079910914103,
            1.6226574818293253,
            1.5912378311157227,
            1.8230022390683491,
            1.8289286494255066,
            1.8398322463035583,
            1.6269556840260824,
            1.6317101001739502,
            1.6110901395479837
        ],
        "Reagan (radio and film)": [
            1.9828133145968119,
            2.018321700890859,
            2.069817324479421
        ],
        "Battle of Kilinochchi (2008–2009) (Preparation)": [
            2.2922334909439086,
            2.40657327969869,
            2.4589698553085326
        ],
        "North Sea (geography)": [
            1.9260764320691426,
            1.7700844208399455,
            1.7885974208513895
        ],
        "Island (De-islanding)": [
            1.7793827096621195,
            1.8012468377749125,
            1.798633380730947
        ],
        "Polar Bear (Distribution and habitat)": [
            2.021754626433055,
            2.0707186500231427,
            2.112867561976115
        ],
        "Santa Claus (Saint Nicholas)": [
            1.8001904328664144,
            1.7240437547365823,
            1.7663278659184773
        ],
        "Prague (geography)": [
            1.9378751039505004,
            1.9675137718518576,
            1.999429214000702
        ],
        "2023 Israel–Hamas war (7 october attack)": [
            2.2785454789797464,
            2.4054614146550497,
            2.494881097475688
        ],
        "Russian invasion of Ukraine (Initial invasion of Ukraine (24 February – 7 April))": [
            2.066337291399638,
            1.924650490283966,
            1.9745009462038676
        ],
        "Aero Flight 311 (first chronology)": [
            2.138850923379262,
            2.2091806292533875,
            2.2709014137585957
        ],
        "Wolf (Admixture with other canids)": [
            1.9546877185503642,
            1.8477815429369608,
            1.8847795526186626
        ],
        "Robin Hood (Early ballads)": [
            1.7061270594596862,
            1.6155751943588257,
            1.6074183106422424
        ],
        "Abandoned Village": [
            1.9722146232922872,
            2.0053755402565003,
            2.050969739754995
        ],
        "Stephen Badlam career": [
            1.8896454373995464,
            1.9369067986806234,
            1.918293873469035
        ],
        "Costa Concordia disaster": [
            2.022383785247803,
            2.0361663420995075,
            2.0594781279563903
        ],
        "Kerman bombings background": [
            2.1245075901349386,
            2.232563245296478,
            2.2147212505340574
        ],
        "Strike in Baixa do Cassange": [
            2.0462185700734454,
            2.0087015708287557,
            1.9767464717229208
        ],
        "Daniel Bernoulli early life": [
            1.9887601613998414,
            2.0278918464978535,
            2.022672406832377
        ],
        "Nellie Cashman": [
            2.6474674065907795,
            2.8366998473803204,
            2.9858742435773213
        ],
        "Hernan Cortès Early life": [
            2.151007680098216,
            2.000861450036367,
            2.0134692390759787
        ],
        "Milan (Middle ages)": [
            2.0512739141782124,
            2.058263619740804,
            2.0799231131871543
        ],
        "Robert Nimmo (World War II)": [
            2.15477024714152,
            2.2022745410601297,
            2.207400592168172
        ],
        "Jurassic (Etymology and history)": [
            2.3490039229393007,
            2.402591077486674,
            2.431455119450887
        ],
        "British Empire (Origins 1497–1583)": [
            1.8570243159929911,
            1.710804824034373,
            1.6662668506304423
        ],
        "Moon (natural development)": [
            1.1040559530258178,
            1.0098848422368367,
            0.8934507489204406
        ],
        "Christmas Carol (background)": [
            1.4438224673271178,
            1.579844872156779,
            1.6728850960731507,
            1.6771029988924662,
            1.7775813539822896,
            1.783936337629954,
            1.6957820971806845,
            1.6913668950398764,
            1.6856813510258992
        ]
    }
}