{
    "llama2:7b-chat-q6_K": {
        "calamaro": [
            783.7244670391083,
            713.0684108734131,
            661.8446252346039
        ],
        "bruni": [
            385.7659378051758,
            359.97367000579834,
            370.4169936180115
        ],
        "gpt-ww2": [
            689.6851758956909,
            686.3848450183868,
            704.5764181613922
        ]
    }
}