{
    "llama2:7b-chat-q6_K": {
        "calamaro": [
            7.756615682442983,
            7.711735912164053,
            7.4141835331916806
        ],
        "bruni": [
            4.581735396385193,
            4.566353197892507,
            5.134094067414602
        ],
        "gpt-ww2": [
            7.975653731822968,
            8.302243077754975,
            7.2956180016199745
        ]
    }
}