{
    "llama2:7b-chat-q6_K": {
        "calamaro": [
            8.563388482729595,
            8.43229015270869,
            8.525235680739085
        ],
        "bruni": [
            4.955980602900187,
            4.9809974193572994,
            5.13298670053482
        ],
        "gpt-ww2": [
            7.546470371882121,
            7.685681450366974,
            7.676558180650075
        ]
    }
}