{
    "llama2:7b-chat-q8_0": {
        "calamaro": [
            14.034092748165131,
            13.939113235473632,
            14.520823200543722
        ],
        "bruni": [
            10.05357433160146,
            10.27058258454005,
            10.339286283651989
        ],
        "gpt-ww2": [
            16.499278883139294,
            14.666256097952525,
            15.523564581076304
        ]
    }
}