{
    "llama2:7b-chat-q8_0": {
        "calamaro": [
            6.759321800867716,
            6.417387080192566,
            6.469854366779328
        ],
        "bruni": [
            5.8974698185920715,
            6.043838183085124,
            4.79389941294988
        ],
        "gpt-ww2": [
            7.349936234951019,
            6.549148082733154,
            6.9485023498535154
        ]
    }
}