{
    "llama2:7b-chat-q8_0": {
        "calamaro": [
            14.763873501618702,
            14.405139899253845,
            14.456149049599965
        ],
        "bruni": [
            11.729876065254212,
            10.910604703426362,
            10.765850448608399
        ],
        "gpt-ww2": [
            14.69986799955368,
            14.992217298348745,
            15.34281564950943
        ]
    }
}