{
    "llama2:7b-chat-q8_0": {
        "calamaro": [
            7.097225932280223,
            6.499490996201833,
            6.473316431045532
        ],
        "bruni": [
            5.251618520418803,
            5.159778054555257,
            5.300559818744659
        ],
        "gpt-ww2": [
            6.7080023169517515,
            7.052733735243479,
            6.843362299601237
        ]
    }
}