{
    "llama2:7b-chat-q8_0": {
        "calamaro": [
            6.980239220460256
        ],
        "bruni": [
            5.316738613446554
        ],
        "gpt-fantasy": [
            5.468494347731272
        ],
        "gpt-ww2": [
            7.205165700117747
        ],
        "celacanto": [
            6.865339247385661
        ],
        "starW": [
            7.573820467789968
        ],
        "buisnessWoman": [
            7.381885770956675
        ],
        "naturalPlace": [
            6.852837363878886
        ],
        "animalFarm": [
            7.529919417699178
        ],
        "nintendo": [
            7.479086565971374
        ],
        "expensiveCities": [
            6.082968080043793
        ],
        "ArcticSea": [
            7.406097416083018
        ],
        "AdaByron": [
            6.877079848448435
        ],
        "latin": [
            8.053102032343547
        ],
        "journeyPiuBreve": [
            5.911316712697347
        ]
    }
}