{
    "llama2:7b-chat-q8_0": {
        "calamaro": [
            7.419329150517782,
            6.340424851576487
        ],
        "bruni": [
            4.683592430750529,
            4.6405282616615295
        ],
        "gpt-fantasy": [
            5.043745497862498,
            4.927454181512197
        ],
        "gpt-ww2": [
            6.4591050823529566,
            6.627993567784627
        ],
        "celacanto": [
            7.0537917137146,
            6.744739814599355
        ],
        "starW": [
            7.106473739941915,
            6.880594762166341
        ],
        "buisnessWoman": [
            7.087323002020518,
            6.816157166163126
        ],
        "naturalPlace": [
            6.644074630737305,
            6.551123480002086
        ],
        "animalFarm": [
            6.6349088509877525,
            6.66214778025945
        ],
        "nintendo": [
            7.428861963748932,
            8.040000514189403
        ],
        "expensiveCities": [
            6.533341828982035,
            6.474923034509023
        ],
        "ArcticSea": [
            7.237520698706309,
            7.240032815933228
        ],
        "AdaByron": [
            6.577485752105713,
            6.683928612867991
        ],
        "latin": [
            7.061011286576589,
            7.0025948484738665
        ],
        "journeyPiuBreve": [
            5.777912982304891,
            5.891572618484497
        ]
    }
}