{
    "llama2": {
        "GPT": [
            82.90170454978943,
            79.30589079856873,
            80.96993160247803
        ],
        "calamaro": [
            121.0898118019104,
            118.21400213241577,
            118.88619589805603
        ],
        "bruni": [
            53.65899443626404,
            55.35760021209717,
            55.70750069618225
        ],
        "guerramondiale": [
            117.4834258556366,
            119.76082992553711,
            114.47939491271973
        ],
        "celacanto": [
            131.79642152786255,
            127.59617280960083,
            128.224773645401
        ]
    },
    "llama2:7b-chat-q6_K": {
        "GPT": [
            129.38848853111267,
            111.01606965065002,
            111.26788067817688
        ],
        "calamaro": [
            163.58681392669678,
            160.60107922554016,
            158.7157735824585
        ],
        "bruni": [
            76.21214413642883,
            63.80210828781128,
            53.372233152389526
        ],
        "guerramondiale": [
            162.15162754058838,
            157.52647495269775,
            156.76947808265686
        ],
        "celacanto": [
            169.06106758117676,
            162.86892247200012,
            163.56150817871094
        ]
    },
    "llama2:7b-chat-q8_0": {
        "GPT": [
            172.92460775375366,
            137.51846480369568,
            134.77690434455872
        ],
        "calamaro": [
            196.46524858474731,
            190.88516306877136,
            182.57448744773865
        ],
        "bruni": [
            118.33538007736206,
            117.36792516708374,
            115.07549786567688
        ],
        "guerramondiale": [
            187.81577587127686,
            177.4428150653839,
            181.42434287071228
        ],
        "celacanto": [
            195.54353189468384,
            187.21239852905273,
            191.94166016578674
        ]
    },
    "llama2:13b": {
        "GPT": [
            264.4445164203644,
            211.8185248374939,
            205.08094310760498
        ],
        "calamaro": [
            321.30269289016724,
            283.3169102668762,
            289.19454646110535
        ],
        "bruni": [
            221.6558539867401,
            219.91058993339539,
            221.51229691505432
        ],
        "guerramondiale": [
            301.32597517967224,
            296.018949508667,
            293.7684714794159
        ],
        "celacanto": [
            315.795951128006,
            307.8657932281494,
            306.29967212677
        ]
    },
    "llama2:13b-chat-q4_K_M": {
        "GPT": [
            637.7492258548737,
            269.88232827186584,
            203.50449132919312
        ],
        "calamaro": [
            339.57375049591064,
            290.8693058490753,
            364.77825236320496
        ],
        "bruni": [
            289.03786993026733,
            335.2830057144165,
            327.432656288147
        ],
        "guerramondiale": [
            739.4516067504883,
            299.7012095451355,
            292.5355842113495
        ],
        "celacanto": [
            340.3621230125427,
            334.3400287628174,
            338.7361731529236
        ]
    }
}