{
    "llama2": {
        "GPT": [
            105.83230805397034,
            157.7488191127777,
            148.21656489372253
        ],
        "calamaro": [
            223.38440608978271,
            220.90026426315308,
            214.2375452518463
        ],
        "bruni": [
            148.60965251922607,
            145.54859399795532,
            147.48406386375427
        ],
        "guerramondiale": [
            225.84921526908875,
            216.9846830368042,
            214.44379472732544
        ],
        "celacanto": [
            229.1617136001587,
            173.2921097278595,
            145.20741319656372
        ]
    },
    "llama2:7b-chat-q5_0": {
        "GPT": [
            128.53270649909973,
            123.07458114624023,
            122.81399941444397
        ],
        "calamaro": [
            180.60521268844604,
            169.58104038238525,
            170.16242361068726
        ],
        "bruni": [
            75.97026562690735,
            72.92490005493164,
            67.16441583633423
        ],
        "guerramondiale": [
            169.25898432731628,
            166.20091891288757,
            166.1802716255188
        ],
        "celacanto": [
            173.42487001419067,
            164.52433371543884,
            165.14238095283508
        ]
    },
    "llama2:7b-chat-q6_K": {
        "GPT": [
            154.9542772769928,
            164.81334829330444,
            142.21943402290344
        ],
        "calamaro": [
            489.93404054641724,
            500.76896834373474,
            489.14403080940247
        ],
        "bruni": [
            138.42009496688843,
            123.90886521339417,
            123.24799013137817
        ],
        "guerramondiale": [
            173.292884349823,
            167.92762327194214,
            168.69053602218628
        ],
        "celacanto": [
            204.48050689697266,
            199.87308168411255,
            199.25977730751038
        ]
    },
    "llama2:7b-chat-q8_0": {
        "GPT": [
            177.21318864822388,
            132.31224036216736,
            131.39496421813965
        ],
        "calamaro": [
            468.97065567970276,
            437.9479658603668,
            440.4465765953064
        ],
        "bruni": [
            110.03254127502441,
            105.93958806991577,
            105.89682626724243
        ],
        "guerramondiale": [
            197.45278072357178,
            190.45010256767273,
            191.13147234916687
        ],
        "celacanto": [
            210.5279541015625,
            203.42535948753357,
            204.34443974494934
        ]
    },
    "llama2:13b": {
        "GPT": [
            304.16193103790283,
            249.3106906414032,
            250.3519105911255
        ],
        "calamaro": [
            199.2057318687439,
            257.8639008998871,
            229.6927363872528
        ],
        "bruni": [
            124.5564534664154,
            116.81320858001709,
            135.22345805168152
        ],
        "guerramondiale": [
            396.304340839386,
            361.88165068626404,
            323.4507067203522
        ],
        "celacanto": [
            323.07936215400696,
            314.0108778476715,
            315.8089063167572
        ]
    },
    "llama2:13b-chat-q4_K_M": {
        "GPT": [
            523.8922200202942,
            147.27922010421753,
            146.8919713497162
        ],
        "calamaro": [
            234.55760407447815,
            218.25392317771912,
            218.0664291381836
        ],
        "bruni": [
            225.2704577445984,
            213.23003578186035,
            214.53067898750305
        ],
        "guerramondiale": [
            331.9934070110321,
            304.2232303619385,
            302.7662229537964
        ],
        "celacanto": [
            334.8756425380707,
            322.53215742111206,
            321.2379834651947
        ]
    }
}