{
    "llama2": {
        "GPT": [
            94.89096403121948,
            145.36613512039185,
            154.34950160980225
        ],
        "calamaro": [
            112.86702108383179,
            114.35530662536621,
            110.21103286743164
        ],
        "bruni": [
            274.34957671165466,
            60.14622735977173,
            61.19253468513489
        ],
        "guerramondiale": [
            133.85950589179993,
            125.22653317451477,
            125.4935405254364
        ],
        "celacanto": [
            139.21761393547058,
            135.57165575027466,
            135.6966154575348
        ]
    },
    "llama2:7b-chat-q5_0": {
        "GPT": [
            202.40049815177917,
            131.66665410995483,
            132.03105211257935
        ],
        "calamaro": [
            160.74032735824585,
            156.67918848991394,
            156.21196389198303
        ],
        "bruni": [
            100.96812272071838,
            167.85027027130127,
            168.10929942131042
        ],
        "guerramondiale": [
            159.45944094657898,
            154.53137016296387,
            154.25836372375488
        ],
        "celacanto": [
            168.12667608261108,
            162.19317817687988,
            162.03993272781372
        ]
    },
    "llama2:7b-chat-q6_K": {
        "GPT": [
            156.044171333313,
            199.82159948349,
            207.52220964431763
        ],
        "calamaro": [
            173.39568448066711,
            168.4147129058838,
            167.8136327266693
        ],
        "bruni": [
            93.13997673988342,
            72.36765956878662,
            90.28633379936218
        ],
        "guerramondiale": [
            174.85723519325256,
            171.24252581596375,
            171.54979348182678
        ],
        "celacanto": [
            169.6770052909851,
            165.6803002357483,
            165.55212545394897
        ]
    },
    "llama2:7b-chat-q8_0": {
        "GPT": [
            183.3599772453308,
            153.12167739868164,
            151.87959456443787
        ],
        "calamaro": [
            195.5517337322235,
            190.45638585090637,
            192.5568344593048
        ],
        "bruni": [
            126.32162165641785,
            81.50829839706421,
            121.75531506538391
        ],
        "guerramondiale": [
            199.2365825176239,
            192.7468113899231,
            193.00036120414734
        ],
        "celacanto": [
            191.74906063079834,
            184.66125416755676,
            186.25952410697937
        ]
    },
    "llama2:13b": {
        "GPT": [
            330.41028785705566,
            244.34633135795593,
            242.64575672149658
        ],
        "calamaro": [
            282.16844391822815,
            320.06284737586975,
            313.00293731689453
        ],
        "bruni": [
            165.27081680297852,
            203.32304668426514,
            200.0970950126648
        ],
        "guerramondiale": [
            369.3132469654083,
            343.26790499687195,
            341.9790086746216
        ],
        "celacanto": [
            365.5450506210327,
            356.32625699043274,
            352.46869802474976
        ]
    },
    "llama2:13b-chat-q4_K_M": {
        "GPT": [
            454.3636302947998,
            210.30936574935913,
            255.52088737487793
        ],
        "calamaro": [
            296.40292835235596,
            270.35894417762756,
            268.0037052631378
        ],
        "bruni": [
            30.52706480026245,
            21.3398334980011,
            21.31593155860901
        ],
        "guerramondiale": [
            361.4123680591583,
            331.86010003089905,
            328.47932529449463
        ],
        "celacanto": [
            332.30783462524414,
            317.64292430877686,
            318.09118390083313
        ]
    }
}