{
    "llama2:7b-chat-q8_0": {
        "calamaro": [
            1.586205784479777,
            1.6454911828041077,
            1.686643127600352
        ],
        "bruni": [
            1.227259369691213,
            1.1772950847943624,
            0.9938280542691549
        ],
        "gpt-fantasy": [
            1.201158845424652,
            1.1250035166740417,
            1.1851293683052062
        ],
        "gpt-ww2": [
            1.5290018916130066,
            1.6164919932683308,
            1.7014771262804667
        ],
        "celacanto": [
            1.7005102276802062,
            1.7744193037350973,
            1.7793731729189555
        ],
        "starW": [
            1.8695736169815063,
            1.9103401223818461,
            1.9126575231552123
        ],
        "buisnessWoman": [
            1.8994530042012532,
            1.9244092067082723,
            1.9220160007476808
        ],
        "naturalPlace": [
            1.7471121152242024,
            1.7310439944267273,
            1.6989636143048605,
            1.8108570257822671,
            1.7556647380193076,
            1.751352854569753,
            1.719841480255127,
            1.7217278679211934,
            1.743473505973816
        ],
        "animalFarm": [
            1.8416305343310038,
            1.8722935517628987,
            1.758797323703766
        ],
        "nintendo": [
            1.952496341864268,
            1.9819864551226298,
            2.0234546184539797
        ],
        "expensiveCities": [
            1.7545907298723857,
            1.691147255897522,
            1.6656096736590067
        ],
        "ArcticSea": [
            1.9030051469802856,
            1.962499217192332,
            1.9963650504748027
        ],
        "AdaByron": [
            1.7606714407602946,
            1.727190327644348,
            1.6759772896766663
        ],
        "latin": [
            1.880399799346924,
            1.879461658000946,
            1.9193198204040527
        ],
        "journeyPiuBreve": [
            1.5458509842554728,
            1.4970754901568095,
            1.4077305714289348
        ]
    }
}