{
    "llama2:7b-chat-q8_0": {
        "bruni": [
            3.89677183230718,
            3.716016431649526,
            3.712286714712779,
            2.6990108172098797,
            2.858864402770996,
            2.717668135960897
        ],
        "naturalPlace": [
            4.965516853332519,
            4.90112978219986,
            4.969966248671214,
            5.18728453318278,
            5.193386614322662,
            5.568852031230927
        ],
        "nintendo": [
            6.166434446970622,
            5.9617877960205075,
            5.872209199269613
        ],
        "expensiveCities": [
            4.896106215318044,
            4.955849401156107,
            4.95654258330663,
            4.816702040036519,
            4.867446831862131,
            4.852791750431061
        ],
        "latin": [
            5.517612965901693,
            5.542807881037394,
            5.649323717753092
        ]
    }
}