{
    "llama2:7b-chat-q8_0": {
        "bruni": [
            4.363782747586568
        ],
        "naturalPlace": [
            5.512943335374197,
            5.566275616486867,
            5.712155870596567
        ],
        "nintendo": [
            6.323351033528646
        ],
        "expensiveCities": [
            6.526861194769541
        ],
        "latin": [
            5.891933314005533
        ]
    }
}