{
    "llama2:7b-chat-q8_0": {
        "Napoleon: Early career": [
            1.5582226792971292,
            1.8459119121233623,
            1.959248407681783
        ],
        "Colombo: Geographical considerations": [
            1.672221565246582,
            1.769464361667633,
            1.6316042383511862
        ],
        "Elizabeth II Death": [
            1.7587565302848815,
            1.788883372147878,
            1.7293666402498882
        ],
        "NASA: Astrophysics missions": [
            1.9220788160959879,
            1.9740059455235799,
            2.049815638860067
        ],
        "Kilimanjaro: Geology and geography": [
            2.6646326065063475,
            2.8578675866127012,
            3.0157833615938823
        ],
        "Victor Frankestain narrative": [
            1.9688996831576029,
            1.7876787900924682,
            1.7528268496195476
        ],
        "Pink Floyd: Preceding the band": [
            1.8776777267456055,
            1.9116972843805948,
            1.9589104572931926
        ],
        "Spread of Modern English": [
            1.6529180765151978,
            1.5623193740844727,
            1.4059840202331544
        ],
        "COVID-19 deaths": [
            1.8572545488675436,
            1.9403452396392822,
            1.986093787352244
        ],
        "Alan Turing: Early life and education (family)": [
            1.9926677068074545,
            2.057347838083903,
            2.0424980958302816
        ],
        "Halloween Costumes": [
            2.0729429562886557,
            2.039251752694448,
            2.0375873764355976
        ],
        "Dante: Education and poetry": [
            2.004314398765564,
            2.018962323665619,
            2.001910905043284
        ],
        "Mickey Mouse Debut (1928)": [
            1.891935396194458,
            1.8375122865041098,
            1.8735219915707906
        ],
        "Rio de Janeiro Geography": [
            1.9142815192540488,
            1.9649982055028279,
            2.0013475020726523
        ],
        "Game of Thrones": [
            1.7305999795595806,
            1.6429478565851847,
            1.6825179934501648
        ],
        "Medici History – rise to power": [
            1.7820704102516174,
            1.8326359351476034,
            1.8288940072059632
        ],
        "Vesuvius": [
            2.049857568740845,
            2.093827680746714,
            2.1233449578285217
        ],
        "The fellowship of the ring": [
            2.352854935328166,
            2.4500471393267316,
            2.4959994554519653
        ],
        "Mona Lisa (Description)": [
            2.1489229798316956,
            2.048842986424764,
            2.082159928480784
        ],
        "Sweeney Todd (plot)": [
            2.0425030748049418,
            2.004864700635274,
            1.9974576075871786
        ],
        "Nintendo (2004–2009: Nintendo DS and Wii)": [
            2.0517303625742596,
            2.1200236161549886,
            2.152960455417633
        ],
        "Area 51 History": [
            2.03507049481074,
            2.0640001336733502,
            2.0626771370569865
        ],
        "World War (German offensive in Belgium and France)": [
            3.1352441906929016,
            3.396204078197479,
            3.5187660614649454
        ],
        "Area 51 (Environmental lawsuit)": [
            2.7901522715886435,
            2.9043480515480042,
            2.668818271160126
        ],
        "The Beatles (Song catalogue)": [
            2.1502445975939435,
            1.9185603300730387,
            1.9190580248832703
        ],
        "Dracula": [
            1.9506734490394593,
            1.950645955403646,
            1.9167511661847432
        ],
        "Internet (history)": [
            1.9828609347343444,
            1.9863379836082458,
            2.011005926132202
        ],
        "Super Mario (1996–2005: Introduction of 3D and open-ended exploration)": [
            1.7633342027664185,
            1.6813472668329874,
            1.6869234760602316
        ],
        "Twitch History (Founding and initial growth (2007–2013))": [
            1.905337889989217,
            1.9938900272051494,
            2.0048840681711835
        ],
        "Stradivarius Construction": [
            2.026282628377279,
            2.0245211839675905,
            1.896197247505188
        ],
        "W. Allen Early life and education": [
            2.031619457403819,
            2.0882237275441486,
            2.1175673921902973
        ],
        "François-René  (Biography; America, France, London)": [
            2.017379816373189,
            2.0576802253723145,
            1.9859607299168904
        ],
        "Gautier (Life and time)": [
            2.0567315379778544,
            2.0606966813405356,
            2.080301010608673
        ],
        "Rambles in Germany and Italy, Travelling and writing (1840)": [
            2.052048909664154,
            2.0768007477124533,
            2.067094564437866
        ],
        "Le Corricolo (The trip to Italy)": [
            1.9450901349385579,
            1.843691384792328,
            1.8707794666290283
        ],
        "Corinne (plot)": [
            1.9276172955830893,
            1.9830109477043152,
            2.01371994415919
        ],
        "Stendhal (Life)": [
            1.9951048771540323,
            2.1042130033175153,
            2.143850247065226
        ],
        "Henry James (Late years, 1898–1916)": [
            1.6145068287849427,
            1.4172451774279275,
            1.3634150187174479
        ],
        "Joachim du Bellay (Biography)": [
            1.7010901331901551,
            1.7487785379091898,
            1.825165045261383
        ],
        "Julien Gracq (Life)": [
            1.9896320382754007,
            2.048148310184479,
            2.005899914105733
        ],
        "Jazz": [
            2.2159420609474183,
            2.2595778544743856,
            2.277330807844798
        ],
        "AI (Knowledge representation)": [
            1.7746131896972657,
            1.699621844291687,
            1.5760335683822633,
            1.5534793655077617,
            1.5059475739796957,
            1.4650175094604492,
            1.4935611128807067,
            1.5895034233729044,
            1.5193932016690572
        ],
        "Cyclone Michaung Meteorological history": [
            1.8528112292289733,
            1.898550816377004,
            1.9167014280954997
        ],
        "Steve Vai (Early music career (1978–1986))": [
            2.0936631162961326,
            2.143438482284546,
            2.095669758319855
        ],
        "Roman Empire (Geography and demography)": [
            1.7990267157554627,
            1.6919795592625937,
            1.7785221616427103
        ],
        "Apollo 11": [
            1.9772255182266236,
            1.9447532971700032,
            1.9870863676071167
        ],
        "Agruculture: Revolution": [
            1.5555587887763977,
            1.4457896868387858,
            1.453678294022878
        ],
        "Medici: Rise to power": [
            1.7208755373954774,
            1.7901742736498514,
            1.8355743567148843
        ],
        "Console games: Third and fourth generations": [
            1.1566974798838296,
            1.4637713034947712,
            1.5902536511421204
        ],
        "Cotton Early history": [
            1.6543757359186808,
            1.7321584343910217,
            1.717978556950887
        ],
        "Milk (industrialization)": [
            1.9702617088953653,
            1.9555581609408061,
            2.022980495293935
        ],