{
    "llama2:7b-chat-q8_0": {
        "bruni": [
            4.0359334468841555,
            2.712305498123169,
            3.839056130250295
        ],
        "naturalPlace": [
            5.004391833146413,
            5.19517111380895,
            5.073320468266805
        ],
        "nintendo": [
            5.682801298300425
        ],
        "expensiveCities": [
            4.98051008383433,
            4.770605746905009,
            4.31689954996109
        ],
        "latin": [
            6.140554738044739
        ]
    }
}